{"mean":{"confidence_interval":{"confidence_level":0.95,"lower_bound":-0.5088365166004373,"upper_bound":-0.49916472187599836},"point_estimate":-0.5044099547857381,"standard_error":0.0024029256866129473},"median":{"confidence_interval":{"confidence_level":0.95,"lower_bound":-0.5142118656193193,"upper_bound":-0.5079617589440312},"point_estimate":-0.5119333852799134,"standard_error":0.001610016658686589}}