{"mean":{"confidence_interval":{"confidence_level":0.95,"lower_bound":-0.4424759356467598,"upper_bound":-0.411034149860352},"point_estimate":-0.4285321474831866,"standard_error":0.008291686477881225},"median":{"confidence_interval":{"confidence_level":0.95,"lower_bound":-0.44740758542836767,"upper_bound":-0.4391051137888735},"point_estimate":-0.44388849155666055,"standard_error":0.0021245720883282825}}