{"mean":{"confidence_interval":{"confidence_level":0.95,"lower_bound":-0.21607668403229344,"upper_bound":-0.18722393954766126},"point_estimate":-0.2022070138728269,"standard_error":0.007314300912241797},"median":{"confidence_interval":{"confidence_level":0.95,"lower_bound":-0.23191696959884334,"upper_bound":-0.20742481434282722},"point_estimate":-0.21942543474183884,"standard_error":0.005930987179599544}}