{"mean":{"confidence_interval":{"confidence_level":0.95,"lower_bound":-0.4830732686168431,"upper_bound":-0.4719094648473228},"point_estimate":-0.4781266474150585,"standard_error":0.0027312639152944625},"median":{"confidence_interval":{"confidence_level":0.95,"lower_bound":-0.48870177787257024,"upper_bound":-0.4782965037126531},"point_estimate":-0.4825246888604662,"standard_error":0.002401036984928411}}