{"mean":{"confidence_interval":{"confidence_level":0.95,"lower_bound":-0.4879604865094348,"upper_bound":-0.47697599393782736},"point_estimate":-0.48330150174246467,"standard_error":0.002790611851221345},"median":{"confidence_interval":{"confidence_level":0.95,"lower_bound":-0.4940495783365092,"upper_bound":-0.4827703014717024},"point_estimate":-0.48837167431201367,"standard_error":0.002759475670555651}}