{"mean":{"confidence_interval":{"confidence_level":0.95,"lower_bound":0.026503780347201956,"upper_bound":0.05600265647959269},"point_estimate":0.039164598742536194,"standard_error":0.007342191456938833},"median":{"confidence_interval":{"confidence_level":0.95,"lower_bound":-0.0047520154726697905,"upper_bound":0.03559895578761196},"point_estimate":0.013450351821004292,"standard_error":0.010352984187256388}}