{"mean":{"confidence_interval":{"confidence_level":0.95,"lower_bound":-0.24984855366032677,"upper_bound":-0.2321211003325756},"point_estimate":-0.24153974138225165,"standard_error":0.004448883585112032},"median":{"confidence_interval":{"confidence_level":0.95,"lower_bound":-0.25743921209003984,"upper_bound":-0.2400373275218064},"point_estimate":-0.25015945853160493,"standard_error":0.004397273284297037}}