{"mean":{"confidence_interval":{"confidence_level":0.95,"lower_bound":-0.32567458603630917,"upper_bound":-0.30932119231265043},"point_estimate":-0.31907531261454036,"standard_error":0.004264813167158521},"median":{"confidence_interval":{"confidence_level":0.95,"lower_bound":-0.32887691188194723,"upper_bound":-0.32278942716231085},"point_estimate":-0.32639651760994737,"standard_error":0.0016407701839134467}}