{"mean":{"confidence_interval":{"confidence_level":0.95,"lower_bound":-0.1666622656198299,"upper_bound":-0.15224512468292686},"point_estimate":-0.15953656668786487,"standard_error":0.003611301846375409},"median":{"confidence_interval":{"confidence_level":0.95,"lower_bound":-0.1759140044818539,"upper_bound":-0.16888432651002516},"point_estimate":-0.17305694391268123,"standard_error":0.0020279414635256776}}