{"mean":{"confidence_interval":{"confidence_level":0.95,"lower_bound":-0.510321421256685,"upper_bound":-0.5047251880687752},"point_estimate":-0.5076333134589697,"standard_error":0.001431806369355204},"median":{"confidence_interval":{"confidence_level":0.95,"lower_bound":-0.5126862098496663,"upper_bound":-0.5097322348674407},"point_estimate":-0.5113940871619308,"standard_error":0.0007088179039381748}}