{"mean":{"confidence_interval":{"confidence_level":0.95,"lower_bound":0.5291952625853598,"upper_bound":0.5697604925989671},"point_estimate":0.5460029321176525,"standard_error":0.010199721278491615},"median":{"confidence_interval":{"confidence_level":0.95,"lower_bound":0.5027406943208168,"upper_bound":0.5247154846702549},"point_estimate":0.5115674911311445,"standard_error":0.005640365570902329}}