{"mean":{"confidence_interval":{"confidence_level":0.95,"lower_bound":-0.1947807346465812,"upper_bound":-0.16048116448069627},"point_estimate":-0.17730152719958236,"standard_error":0.008759386754579766},"median":{"confidence_interval":{"confidence_level":0.95,"lower_bound":-0.21031633250950732,"upper_bound":-0.18277995555246007},"point_estimate":-0.1930256816019369,"standard_error":0.007031651030437863}}