{"mean":{"confidence_interval":{"confidence_level":0.95,"lower_bound":-0.3519735300492856,"upper_bound":-0.329834207869199},"point_estimate":-0.3420302452466837,"standard_error":0.005713973783380979},"median":{"confidence_interval":{"confidence_level":0.95,"lower_bound":-0.36395928629849605,"upper_bound":-0.3545127746246396},"point_estimate":-0.3603927519932968,"standard_error":0.002528490267240984}}