{"mean":{"confidence_interval":{"confidence_level":0.95,"lower_bound":-0.5414488007908793,"upper_bound":-0.5350973062723778},"point_estimate":-0.5386520196965201,"standard_error":0.0016219497170474188},"median":{"confidence_interval":{"confidence_level":0.95,"lower_bound":-0.5429908341827074,"upper_bound":-0.5420443074889834},"point_estimate":-0.5423667451813892,"standard_error":0.0002435972610982727}}