{"mean":{"confidence_interval":{"confidence_level":0.95,"lower_bound":-0.3946460469997827,"upper_bound":-0.3698598987365135},"point_estimate":-0.3837294167150954,"standard_error":0.0062974265463747675},"median":{"confidence_interval":{"confidence_level":0.95,"lower_bound":-0.40178595877818757,"upper_bound":-0.38877841754170395},"point_estimate":-0.3958919909116264,"standard_error":0.003090646613903538}}