{"mean":{"confidence_interval":{"confidence_level":0.95,"lower_bound":-0.4608485787986358,"upper_bound":-0.4067711819415084},"point_estimate":-0.4352417963943368,"standard_error":0.013793412655100265},"median":{"confidence_interval":{"confidence_level":0.95,"lower_bound":-0.534328899417847,"upper_bound":-0.48539407831257797},"point_estimate":-0.5228169541541954,"standard_error":0.012619763425304659}}