{"mean":{"confidence_interval":{"confidence_level":0.95,"lower_bound":-0.40366307612533137,"upper_bound":-0.3962345953665959},"point_estimate":-0.3998341569656536,"standard_error":0.0018818581814470823},"median":{"confidence_interval":{"confidence_level":0.95,"lower_bound":-0.4048530189775543,"upper_bound":-0.40079838619690844},"point_estimate":-0.40266616876367034,"standard_error":0.0010353891929331422}}