{"mean":{"confidence_interval":{"confidence_level":0.95,"lower_bound":-0.23849415552674458,"upper_bound":-0.1778293759517137},"point_estimate":-0.20980047996930484,"standard_error":0.015198388214269451},"median":{"confidence_interval":{"confidence_level":0.95,"lower_bound":-0.29643076919992306,"upper_bound":-0.20909481103944616},"point_estimate":-0.2774202578123569,"standard_error":0.026900414403660252}}