{"mean":{"confidence_interval":{"confidence_level":0.95,"lower_bound":-0.16960311164304392,"upper_bound":-0.1404730573368762},"point_estimate":-0.1559762274028882,"standard_error":0.007827157240539015},"median":{"confidence_interval":{"confidence_level":0.95,"lower_bound":-0.1764230292396256,"upper_bound":-0.14802996749453523},"point_estimate":-0.16013438234463295,"standard_error":0.007529905441505294}}