{"mean":{"confidence_interval":{"confidence_level":0.95,"lower_bound":-0.2725852471549425,"upper_bound":-0.25197678999933604},"point_estimate":-0.2629516169303917,"standard_error":0.00522677107882629},"median":{"confidence_interval":{"confidence_level":0.95,"lower_bound":-0.2797652171840359,"upper_bound":-0.2623429909746581},"point_estimate":-0.27328942590891503,"standard_error":0.0043781537407459005}}