{"mean":{"confidence_interval":{"confidence_level":0.95,"lower_bound":-0.51714367980395,"upper_bound":-0.48836388194602054},"point_estimate":-0.5031888947602379,"standard_error":0.007349333256655816},"median":{"confidence_interval":{"confidence_level":0.95,"lower_bound":-0.5363795846398303,"upper_bound":-0.5081534637638673},"point_estimate":-0.5239081455019466,"standard_error":0.007183631909157422}}