{"mean":{"confidence_interval":{"confidence_level":0.95,"lower_bound":-0.46839897232704364,"upper_bound":-0.33894054651019434},"point_estimate":-0.4002511343491101,"standard_error":0.033430722647353556},"median":{"confidence_interval":{"confidence_level":0.95,"lower_bound":-0.42116175441520776,"upper_bound":-0.4063083164594241},"point_estimate":-0.41538925830631523,"standard_error":0.00369288900508751}}