{"mean":{"confidence_interval":{"confidence_level":0.95,"lower_bound":-0.33120665714747377,"upper_bound":-0.3183166737584379},"point_estimate":-0.32502337183788377,"standard_error":0.0032186933600097524},"median":{"confidence_interval":{"confidence_level":0.95,"lower_bound":-0.33024421187047226,"upper_bound":-0.3225003203115545},"point_estimate":-0.32793311882940346,"standard_error":0.0016061166360162142}}