{"mean":{"confidence_interval":{"confidence_level":0.95,"lower_bound":-0.3173671454599497,"upper_bound":-0.30927827309842976},"point_estimate":-0.31364707952644577,"standard_error":0.0020161120716408825},"median":{"confidence_interval":{"confidence_level":0.95,"lower_bound":-0.3236960434433037,"upper_bound":-0.3088182885273614},"point_estimate":-0.31125230940991366,"standard_error":0.004364414344388704}}