{"mean":{"confidence_interval":{"confidence_level":0.95,"lower_bound":-0.4016593557980234,"upper_bound":-0.3405310038285752},"point_estimate":-0.37168914945291986,"standard_error":0.015581231546481781},"median":{"confidence_interval":{"confidence_level":0.95,"lower_bound":-0.3712386121137311,"upper_bound":-0.2975058511629187},"point_estimate":-0.3241827395695027,"standard_error":0.01942536134604824}}