{"mean":{"confidence_interval":{"confidence_level":0.95,"lower_bound":2488604.39625,"upper_bound":2557241.74125},"point_estimate":2520813.6,"standard_error":17562.465707988787},"median":{"confidence_interval":{"confidence_level":0.95,"lower_bound":2414155.0,"upper_bound":2510717.5},"point_estimate":2457290.0,"standard_error":25481.274778555042},"median_abs_dev":{"confidence_interval":{"confidence_level":0.95,"lower_bound":41853.797256946564,"upper_bound":149616.5763437748},"point_estimate":98570.65925002098,"standard_error":29787.950160793454},"slope":null,"std_dev":{"confidence_interval":{"confidence_level":0.95,"lower_bound":124885.81005245591,"upper_bound":222022.34445938052},"point_estimate":175779.02414202676,"standard_error":24883.214648360365}}