{"mean":{"confidence_interval":{"confidence_level":0.95,"lower_bound":1840599.9630074026,"upper_bound":1882506.0632364475},"point_estimate":1859661.4379472532,"standard_error":10737.778232037426},"median":{"confidence_interval":{"confidence_level":0.95,"lower_bound":1818874.7487054523,"upper_bound":1862047.3979591837},"point_estimate":1837077.3646444879,"standard_error":10592.46044766166},"median_abs_dev":{"confidence_interval":{"confidence_level":0.95,"lower_bound":59585.17162331634,"upper_bound":96326.25525183472},"point_estimate":82357.34439541481,"standard_error":9317.44295060275},"slope":{"confidence_interval":{"confidence_level":0.95,"lower_bound":1829602.7974958553,"upper_bound":1862695.8477713554},"point_estimate":1845790.3599822668,"standard_error":8421.870231637493},"std_dev":{"confidence_interval":{"confidence_level":0.95,"lower_bound":64751.15034421102,"upper_bound":155195.65589632813},"point_estimate":107812.5677832574,"standard_error":26648.279618389628}}