{"mean":{"confidence_interval":{"confidence_level":0.95,"lower_bound":1052.0593699780698,"upper_bound":1077.1588236036923},"point_estimate":1063.534556496079,"standard_error":6.452928690596487},"median":{"confidence_interval":{"confidence_level":0.95,"lower_bound":1037.3867450268642,"upper_bound":1056.9234524676165},"point_estimate":1042.374397421716,"standard_error":5.190502804083014},"median_abs_dev":{"confidence_interval":{"confidence_level":0.95,"lower_bound":21.20057982626861,"upper_bound":41.04986113407823},"point_estimate":27.73292869451523,"standard_error":4.973939845120293},"slope":{"confidence_interval":{"confidence_level":0.95,"lower_bound":1047.7529288676171,"upper_bound":1062.6063833203991},"point_estimate":1055.3350031551956,"standard_error":3.784835350958794},"std_dev":{"confidence_interval":{"confidence_level":0.95,"lower_bound":36.27633180269951,"upper_bound":91.00487232134151},"point_estimate":64.74077879366871,"standard_error":14.311849155245534}}