{"mean":{"confidence_interval":{"confidence_level":0.95,"lower_bound":-0.46008455113100766,"upper_bound":-0.44029792793266487},"point_estimate":-0.45088472403492397,"standard_error":0.0050701931585111605},"median":{"confidence_interval":{"confidence_level":0.95,"lower_bound":-0.4740723281992695,"upper_bound":-0.4722601636779662},"point_estimate":-0.4731509034069319,"standard_error":0.00044985892513834823}}