{"mean":{"confidence_interval":{"confidence_level":0.95,"lower_bound":0.4779807070650524,"upper_bound":0.5177934872569122},"point_estimate":0.4972861674785234,"standard_error":0.010196051220505618},"median":{"confidence_interval":{"confidence_level":0.95,"lower_bound":0.4580594303286773,"upper_bound":0.47860180496364757},"point_estimate":0.46736519967321977,"standard_error":0.0053692770268214006}}