{"mean":{"confidence_interval":{"confidence_level":0.95,"lower_bound":-0.4920544832178421,"upper_bound":-0.4541028872961553},"point_estimate":-0.4728552375314533,"standard_error":0.009691253422317856},"median":{"confidence_interval":{"confidence_level":0.95,"lower_bound":-0.454882851550496,"upper_bound":-0.4277746985029788},"point_estimate":-0.44222209070357266,"standard_error":0.007308448497854721}}