{"mean":{"confidence_interval":{"confidence_level":0.95,"lower_bound":5431886.638888888,"upper_bound":5532806.905555555},"point_estimate":5475323.888888887,"standard_error":26039.114563733245},"median":{"confidence_interval":{"confidence_level":0.95,"lower_bound":5410700.0,"upper_bound":5447955.555555556},"point_estimate":5423627.777777778,"standard_error":10442.86321895729},"median_abs_dev":{"confidence_interval":{"confidence_level":0.95,"lower_bound":44708.62587292912,"upper_bound":88330.01176516246},"point_estimate":61799.70890283539,"standard_error":10994.927617754296},"slope":null,"std_dev":{"confidence_interval":{"confidence_level":0.95,"lower_bound":95257.42692610488,"upper_bound":402672.6110272119},"point_estimate":261642.90731822146,"standard_error":82371.65109732765}}