{"mean":{"confidence_interval":{"confidence_level":0.95,"lower_bound":-0.06436855178091212,"upper_bound":-0.04044647333063353},"point_estimate":-0.052626595290179434,"standard_error":0.005962667573946438},"median":{"confidence_interval":{"confidence_level":0.95,"lower_bound":-0.08202735682217377,"upper_bound":-0.0741451688587067},"point_estimate":-0.07886044387143665,"standard_error":0.001858348878288777}}