{"mean":{"confidence_interval":{"confidence_level":0.95,"lower_bound":-0.30223915921495104,"upper_bound":-0.28963979808026274},"point_estimate":-0.29683973613284453,"standard_error":0.003314763661997703},"median":{"confidence_interval":{"confidence_level":0.95,"lower_bound":-0.30395856740287697,"upper_bound":-0.2991462806904084},"point_estimate":-0.30229229847688877,"standard_error":0.001410135998064853}}