{"mean":{"confidence_interval":{"confidence_level":0.95,"lower_bound":-0.24562587887891196,"upper_bound":-0.22418483589190463},"point_estimate":-0.23581646615531382,"standard_error":0.005452499488100673},"median":{"confidence_interval":{"confidence_level":0.95,"lower_bound":-0.25487205700224,"upper_bound":-0.24700633428740992},"point_estimate":-0.2505402737781389,"standard_error":0.00190070657616109}}