{"mean":{"confidence_interval":{"confidence_level":0.95,"lower_bound":0.4108877385624554,"upper_bound":0.46540596635398973},"point_estimate":0.4371285963575986,"standard_error":0.014056716768885879},"median":{"confidence_interval":{"confidence_level":0.95,"lower_bound":0.3893252018408717,"upper_bound":0.4323894384061404},"point_estimate":0.416494032022638,"standard_error":0.011947995224743047}}