{"mean":{"confidence_interval":{"confidence_level":0.95,"lower_bound":-0.2953453597066424,"upper_bound":-0.27060081575497785},"point_estimate":-0.2834441217734158,"standard_error":0.006359066069805731},"median":{"confidence_interval":{"confidence_level":0.95,"lower_bound":-0.31526536246467873,"upper_bound":-0.29538054775503697},"point_estimate":-0.3078001147966952,"standard_error":0.005379814747915235}}