{"mean":{"confidence_interval":{"confidence_level":0.95,"lower_bound":-0.6361154491894295,"upper_bound":-0.6308802345985633},"point_estimate":-0.6335015837578166,"standard_error":0.0013245972079417808},"median":{"confidence_interval":{"confidence_level":0.95,"lower_bound":-0.6376854175384272,"upper_bound":-0.635641636807669},"point_estimate":-0.6368138966494574,"standard_error":0.0004806275578522356}}