{"mean":{"confidence_interval":{"confidence_level":0.95,"lower_bound":-0.6950579374121977,"upper_bound":-0.6869355898929111},"point_estimate":-0.6914598543358386,"standard_error":0.00202187455335129},"median":{"confidence_interval":{"confidence_level":0.95,"lower_bound":-0.6992685357907431,"upper_bound":-0.6971884815854732},"point_estimate":-0.6986634552895477,"standard_error":0.0006055959922128334}}