{"mean":{"confidence_interval":{"confidence_level":0.95,"lower_bound":2586504.1539473687,"upper_bound":2663870.999999999},"point_estimate":2623349.6842105254,"standard_error":19696.311851483344},"median":{"confidence_interval":{"confidence_level":0.95,"lower_bound":2519868.4210526315,"upper_bound":2596078.947368421},"point_estimate":2564726.3157894737,"standard_error":17862.059157282645},"median_abs_dev":{"confidence_interval":{"confidence_level":0.95,"lower_bound":81636.63644539684,"upper_bound":175161.3837323696},"point_estimate":139715.53962481648,"standard_error":22683.34443906222},"slope":null,"std_dev":{"confidence_interval":{"confidence_level":0.95,"lower_bound":146695.04534706572,"upper_bound":243090.4830086881},"point_estimate":197679.3676414525,"standard_error":24676.59725785877}}