{"mean":{"confidence_interval":{"confidence_level":0.95,"lower_bound":-0.4526051109161406,"upper_bound":-0.4414258903356561},"point_estimate":-0.4477343496147891,"standard_error":0.0028686420332081283},"median":{"confidence_interval":{"confidence_level":0.95,"lower_bound":-0.46254196206828635,"upper_bound":-0.45266920767371926},"point_estimate":-0.45942436947136234,"standard_error":0.0029063020197429503}}