{"mean":{"confidence_interval":{"confidence_level":0.95,"lower_bound":252776.57572536188,"upper_bound":257424.06502749046},"point_estimate":254961.30807767544,"standard_error":1187.602914415923},"median":{"confidence_interval":{"confidence_level":0.95,"lower_bound":249698.03921568627,"upper_bound":252945.2380952381},"point_estimate":250855.3977272727,"standard_error":842.4548980114707},"median_abs_dev":{"confidence_interval":{"confidence_level":0.95,"lower_bound":3910.4155991261255,"upper_bound":7553.504585739996},"point_estimate":5218.896817857419,"standard_error":888.4512967487234},"slope":{"confidence_interval":{"confidence_level":0.95,"lower_bound":250349.12439363435,"upper_bound":254128.29388479286},"point_estimate":252060.03103295405,"standard_error":967.2777029814632},"std_dev":{"confidence_interval":{"confidence_level":0.95,"lower_bound":8319.46259722888,"upper_bound":15249.752378167257},"point_estimate":12021.199964084939,"standard_error":1765.2457701197525}}