{"mean":{"confidence_interval":{"confidence_level":0.95,"lower_bound":-0.3154072230007318,"upper_bound":-0.2862740719558189},"point_estimate":-0.3007498540704733,"standard_error":0.007436610189635859},"median":{"confidence_interval":{"confidence_level":0.95,"lower_bound":-0.3112202216901955,"upper_bound":-0.28199648769815255},"point_estimate":-0.29547058320554564,"standard_error":0.007429152717203639}}