{"mean":{"confidence_interval":{"confidence_level":0.95,"lower_bound":-0.701781419554306,"upper_bound":-0.693800467133282},"point_estimate":-0.6982400639682353,"standard_error":0.0020467700416292485},"median":{"confidence_interval":{"confidence_level":0.95,"lower_bound":-0.7037696178739181,"upper_bound":-0.6984496036713662},"point_estimate":-0.7022326512248476,"standard_error":0.0014845282761328236}}