{"mean":{"confidence_interval":{"confidence_level":0.95,"lower_bound":1.108447650360257,"upper_bound":1.2411317073017911},"point_estimate":1.1808065327950308,"standard_error":0.03383638283875568},"median":{"confidence_interval":{"confidence_level":0.95,"lower_bound":1.1348687781292086,"upper_bound":1.2041359686937563},"point_estimate":1.1759755240868488,"standard_error":0.01680764876932589}}