{"mean":{"confidence_interval":{"confidence_level":0.95,"lower_bound":0.029662950625755337,"upper_bound":0.06858826895038915},"point_estimate":0.04775217471666382,"standard_error":0.010005845474533072},"median":{"confidence_interval":{"confidence_level":0.95,"lower_bound":-0.0019940378487511845,"upper_bound":0.05593846543894698},"point_estimate":0.032137040112607096,"standard_error":0.01580786760407577}}