{"mean":{"confidence_interval":{"confidence_level":0.95,"lower_bound":-0.520398216065031,"upper_bound":-0.5063372467870946},"point_estimate":-0.5139020861901917,"standard_error":0.003695976200666391},"median":{"confidence_interval":{"confidence_level":0.95,"lower_bound":-0.5297772808045428,"upper_bound":-0.5160766738660011},"point_estimate":-0.521473688654396,"standard_error":0.003182287233883107}}